epoch,step,train_loss,val_loss
0,2099,,0.06064879521727562
0,2099,7.756124973297119,
1,4199,,0.05431768298149109
1,4199,0.05882396921515465,
2,6299,,0.19998721778392792
2,6299,0.057283248752355576,
3,8399,,0.05302143841981888
3,8399,0.05481613799929619,
4,10499,,1085.203369140625
4,10499,103917.03125,
5,12599,,11.722968101501465
5,12599,99.97447967529297,
6,14699,,3.535649299621582
6,14699,6.952961444854736,
7,16799,,1.765384316444397
7,16799,7.650369644165039,
8,18899,,0.7331953048706055
8,18899,2.7624664306640625,
9,20999,,0.9841819405555725
9,20999,0.9263131022453308,
10,23099,,0.41194531321525574
10,23099,0.8053200840950012,
11,25199,,0.31139495968818665
11,25199,0.48490357398986816,
12,27299,,0.11438467353582382
12,27299,0.20716512203216553,
13,29399,,0.2666727304458618
13,29399,0.10571655631065369,
14,31499,,3.535832405090332
14,31499,57443.18359375,
15,33599,,0.9090815186500549
15,33599,1.4300037622451782,
16,35699,,0.8087241649627686
16,35699,0.8770524263381958,
17,37799,,0.8569260835647583
17,37799,0.7700385451316833,
18,39899,,0.6228316426277161
18,39899,0.7168556451797485,
19,41999,,0.5274240374565125
19,41999,0.6137703657150269,
20,44099,,0.3985026180744171
20,44099,0.4881335496902466,
21,46199,,0.14944683015346527
21,46199,0.3221856653690338,
22,48299,,0.061218198388814926
22,48299,0.09900760650634766,
23,50399,,0.05446619912981987
23,50399,0.07404942065477371,
24,52499,,0.04997456818819046
24,52499,0.06463730335235596,
25,54599,,0.05319112166762352
25,54599,0.06115856021642685,
26,56699,,0.4103277921676636
26,56699,112.65910339355469,
27,58799,,0.1390649974346161
27,58799,0.20577411353588104,
28,60899,,0.11448255181312561
28,60899,0.1210828423500061,
29,62999,,0.07067746669054031
29,62999,0.09362752735614777,
30,65099,,0.06109932065010071
30,65099,0.06975696980953217,
31,67199,,0.05290627107024193
31,67199,0.05939968302845955,
32,69299,,0.06118650734424591
32,69299,0.05748889967799187,
33,71399,,0.0486905574798584
33,71399,0.057974040508270264,
34,73499,,0.15131574869155884
34,73499,16.4874267578125,
35,75599,,0.10274204611778259
35,75599,0.12127675861120224,
36,77699,,0.07982616126537323
36,77699,0.09066127985715866,
37,79799,,69.7270278930664
37,79799,0.07869033515453339,
38,81899,,0.7211083769798279
38,81899,395.1228942871094,
39,83999,,0.6660028100013733
39,83999,0.6946238279342651,
